{
  "tempo": {
    "m": 0.004191196721161084,
    "c": -0.019407319033137655
  },
  "danceability": {
    "m": 0.2303228109352185,
    "c": -0.04286361491168866
  },
  "energy": {
    "m": 0.7421249563404406,
    "c": 0.2763965159267927
  },
  "loudness": {
    "m": 0.7374454758348611,
    "c": 0.294726128931565
  },
  "acousticness": {
    "m": -0.5908283042802964,
    "c": 0.5549468423032037
  },
  "instrumentalness": {
    "m": 0.016960865397821753,
    "c": 0.0374664140479163
  },
  "speechiness": {
    "m": 0.26343055240179264,
    "c": 0.03600554892167071
  },
  "liveness": {
    "m": -0.8012242731652844,
    "c": 0.45578174330498794
  },
  "valence": {
    "m": 0.16778041786583744,
    "c": 0.37873368800076074
  }
}